math_no_diff_int_KBC_max_rules_1000_no_unorderable,no_div_no_pow_random_terms_huge,23.896,0.0007236666
math_no_diff_int_KBC_max_rules_1000_no_unorderable,random_terms_huge,17.368,0.0005456326
math_no_diff_int_KBC_max_rules_1000_no_unorderable,no_div_no_pow_random_terms_large,10.176,0.0001894728
math_no_diff_int_KBC_max_rules_1000_no_unorderable,no_div_no_pow_random_terms_small,3.094,0.0000144487
math_no_diff_int_KBC_max_rules_1000_no_unorderable,random_terms_large,7.224,0.0001645097
math_no_diff_int_KBC_max_rules_1000_no_unorderable,random_terms_small,2.246,0.0000126918
math_no_diff_int_KBC_max_rules_2500_no_unorderable,no_div_no_pow_random_terms_huge,23.92,0.0010332393
math_no_diff_int_KBC_max_rules_2500_no_unorderable,random_terms_huge,17.368,0.0007524884
math_no_diff_int_KBC_max_rules_2500_no_unorderable,no_div_no_pow_random_terms_large,10.192,0.0002696909
math_no_diff_int_KBC_max_rules_2500_no_unorderable,no_div_no_pow_random_terms_small,3.092,0.0000171976
math_no_diff_int_KBC_max_rules_2500_no_unorderable,random_terms_large,7.224,0.0002383197
math_no_diff_int_KBC_max_rules_2500_no_unorderable,random_terms_small,2.246,0.0000152276
math_no_diff_int_no_div_no_pow_KBC_max_rules_1000_no_unorderable,no_div_no_pow_random_terms_huge,23.752,0.0005835678
math_no_diff_int_no_div_no_pow_KBC_max_rules_1000_no_unorderable,random_terms_huge,11.856,0.0004743889
math_no_diff_int_no_div_no_pow_KBC_max_rules_1000_no_unorderable,no_div_no_pow_random_terms_large,10.092,0.0001629837
math_no_diff_int_no_div_no_pow_KBC_max_rules_1000_no_unorderable,no_div_no_pow_random_terms_small,3.076,0.0000115497
math_no_diff_int_no_div_no_pow_KBC_max_rules_1000_no_unorderable,random_terms_large,5.424,0.0001446216
math_no_diff_int_no_div_no_pow_KBC_max_rules_1000_no_unorderable,random_terms_small,1.64,0.0000097225
math_no_diff_int_no_div_no_pow_KBC_max_rules_2500_no_unorderable,no_div_no_pow_random_terms_huge,23.768,0.0007541488
math_no_diff_int_no_div_no_pow_KBC_max_rules_2500_no_unorderable,random_terms_huge,11.864,0.0006204104
math_no_diff_int_no_div_no_pow_KBC_max_rules_2500_no_unorderable,no_div_no_pow_random_terms_large,10.1,0.0002038244
math_no_diff_int_no_div_no_pow_KBC_max_rules_2500_no_unorderable,no_div_no_pow_random_terms_small,3.076,0.0000133139
math_no_diff_int_no_div_no_pow_KBC_max_rules_2500_no_unorderable,random_terms_large,5.424,0.0001865564
math_no_diff_int_no_div_no_pow_KBC_max_rules_2500_no_unorderable,random_terms_small,1.64,0.0000112564
math_no_diff_int_sep_div_KBC_max_rules_1000_no_unorderable,no_div_no_pow_random_terms_huge,23.896,0.0007139869
math_no_diff_int_sep_div_KBC_max_rules_1000_no_unorderable,random_terms_huge,20.936,0.0005268575
math_no_diff_int_sep_div_KBC_max_rules_1000_no_unorderable,no_div_no_pow_random_terms_large,10.168,0.0001892605
math_no_diff_int_sep_div_KBC_max_rules_1000_no_unorderable,no_div_no_pow_random_terms_small,3.094,0.0000163991
math_no_diff_int_sep_div_KBC_max_rules_1000_no_unorderable,random_terms_large,8.772,0.0001545490
math_no_diff_int_sep_div_KBC_max_rules_1000_no_unorderable,random_terms_small,2.58,0.0000133886
math_no_diff_int_sep_div_KBC_max_rules_2500_no_unorderable,no_div_no_pow_random_terms_huge,23.928,0.0010691094
math_no_diff_int_sep_div_KBC_max_rules_2500_no_unorderable,random_terms_huge,21.104,0.0007401317
math_no_diff_int_sep_div_KBC_max_rules_2500_no_unorderable,no_div_no_pow_random_terms_large,10.18,0.0002781845
math_no_diff_int_sep_div_KBC_max_rules_2500_no_unorderable,no_div_no_pow_random_terms_small,3.096,0.0000192273
math_no_diff_int_sep_div_KBC_max_rules_2500_no_unorderable,random_terms_large,8.844,0.0002228803
math_no_diff_int_sep_div_KBC_max_rules_2500_no_unorderable,random_terms_small,2.6,0.0000163881
math_no_diff_int_KBC_max_rules_1000,no_div_no_pow_random_terms_huge,23.856,0.0033985450
math_no_diff_int_KBC_max_rules_1000,random_terms_huge,17.368,0.0024386650
math_no_diff_int_KBC_max_rules_1000,no_div_no_pow_random_terms_large,10.156,0.0009134067
math_no_diff_int_KBC_max_rules_1000,no_div_no_pow_random_terms_small,3.08,0.0000463123
math_no_diff_int_KBC_max_rules_1000,random_terms_large,7.168,0.0007915856
math_no_diff_int_KBC_max_rules_1000,random_terms_small,2.242,0.0000416422
math_no_diff_int_KBC_max_rules_2500,no_div_no_pow_random_terms_huge,23.896,0.0090613135
math_no_diff_int_KBC_max_rules_2500,random_terms_huge,17.344,0.0065193142
math_no_diff_int_KBC_max_rules_2500,no_div_no_pow_random_terms_large,10.172,0.0024051408
math_no_diff_int_KBC_max_rules_2500,no_div_no_pow_random_terms_small,3.076,0.0000931866
math_no_diff_int_KBC_max_rules_2500,random_terms_large,7.168,0.0021849520
math_no_diff_int_KBC_max_rules_2500,random_terms_small,2.242,0.0000908815
math_no_diff_int_no_div_no_pow_KBC_max_rules_1000,no_div_no_pow_random_terms_huge,23.688,0.0034387143
math_no_diff_int_no_div_no_pow_KBC_max_rules_1000,random_terms_huge,11.824,0.0030679410
math_no_diff_int_no_div_no_pow_KBC_max_rules_1000,no_div_no_pow_random_terms_large,10.056,0.0008680273
math_no_diff_int_no_div_no_pow_KBC_max_rules_1000,no_div_no_pow_random_terms_small,3.08,0.0000426202
math_no_diff_int_no_div_no_pow_KBC_max_rules_1000,random_terms_large,5.424,0.0009108347
math_no_diff_int_no_div_no_pow_KBC_max_rules_1000,random_terms_small,1.644,0.0000434371
math_no_diff_int_no_div_no_pow_KBC_max_rules_2500,no_div_no_pow_random_terms_huge,23.728,0.0071983692
math_no_diff_int_no_div_no_pow_KBC_max_rules_2500,random_terms_huge,11.832,0.0066409580
math_no_diff_int_no_div_no_pow_KBC_max_rules_2500,no_div_no_pow_random_terms_large,10.06,0.0017678936
math_no_diff_int_no_div_no_pow_KBC_max_rules_2500,no_div_no_pow_random_terms_small,3.08,0.0000818828
math_no_diff_int_no_div_no_pow_KBC_max_rules_2500,random_terms_large,5.424,0.0019669894
math_no_diff_int_no_div_no_pow_KBC_max_rules_2500,random_terms_small,1.644,0.0000856154
math_no_diff_int_sep_div_KBC_max_rules_1000,no_div_no_pow_random_terms_huge,23.856,0.0035124225
math_no_diff_int_sep_div_KBC_max_rules_1000,random_terms_huge,20.928,0.0021529022
math_no_diff_int_sep_div_KBC_max_rules_1000,no_div_no_pow_random_terms_large,10.156,0.0009260138
math_no_diff_int_sep_div_KBC_max_rules_1000,no_div_no_pow_random_terms_small,3.08,0.0000478808
math_no_diff_int_sep_div_KBC_max_rules_1000,random_terms_large,8.748,0.0006987051
math_no_diff_int_sep_div_KBC_max_rules_1000,random_terms_small,2.576,0.0000411953
math_no_diff_int_sep_div_KBC_max_rules_2500,no_div_no_pow_random_terms_huge,23.912,0.0086499341
math_no_diff_int_sep_div_KBC_max_rules_2500,random_terms_huge,21.072,0.0051377359
math_no_diff_int_sep_div_KBC_max_rules_2500,no_div_no_pow_random_terms_large,10.168,0.0022603119
math_no_diff_int_sep_div_KBC_max_rules_2500,no_div_no_pow_random_terms_small,3.08,0.0000912165
math_no_diff_int_sep_div_KBC_max_rules_2500,random_terms_large,8.82,0.0017191539
math_no_diff_int_sep_div_KBC_max_rules_2500,random_terms_small,2.596,0.0000803683
math_no_diff_int,no_div_no_pow_random_terms_huge,20.352,0.0001462757
math_no_diff_int,random_terms_huge,15.888,0.0001363811
math_no_diff_int,no_div_no_pow_random_terms_large,8.556,0.0000457064
math_no_diff_int,no_div_no_pow_random_terms_small,2.638,0.0000059894
math_no_diff_int,random_terms_large,6.556,0.0000397018
math_no_diff_int,random_terms_small,2.006,0.0000054376
math_no_diff_int_no_div_no_pow,no_div_no_pow_random_terms_huge,20.352,0.0001401046
math_no_diff_int_no_div_no_pow,random_terms_huge,10.632,0.0001106169
math_no_diff_int_no_div_no_pow,no_div_no_pow_random_terms_large,8.556,0.0000428950
math_no_diff_int_no_div_no_pow,no_div_no_pow_random_terms_small,2.638,0.0000056793
math_no_diff_int_no_div_no_pow,random_terms_large,4.896,0.0000332942
math_no_diff_int_no_div_no_pow,random_terms_small,1.474,0.0000039514
math_no_diff_int_KBC_max_rules_40_extended,no_div_no_pow_random_terms_huge,22.112,0.0002608658
math_no_diff_int_KBC_max_rules_40_extended,random_terms_huge,16.944,0.0002415966
math_no_diff_int_KBC_max_rules_40_extended,no_div_no_pow_random_terms_large,9.352,0.0000756494
math_no_diff_int_KBC_max_rules_40_extended,no_div_no_pow_random_terms_small,2.918,0.0000088814
math_no_diff_int_KBC_max_rules_40_extended,random_terms_large,7.06,0.0000657085
math_no_diff_int_KBC_max_rules_40_extended,random_terms_small,2.168,0.0000074098
math_no_diff_int_KBC_max_rules_80_extended,no_div_no_pow_random_terms_huge,22.376,0.0004923978
math_no_diff_int_KBC_max_rules_80_extended,random_terms_huge,17.032,0.0003584817
math_no_diff_int_KBC_max_rules_80_extended,no_div_no_pow_random_terms_large,9.532,0.0001332773
math_no_diff_int_KBC_max_rules_80_extended,no_div_no_pow_random_terms_small,2.954,0.0000128937
math_no_diff_int_KBC_max_rules_80_extended,random_terms_large,7.06,0.0001058530
math_no_diff_int_KBC_max_rules_80_extended,random_terms_small,2.218,0.0000102808
math_no_diff_int_KBC_max_rules_60_extended,no_div_no_pow_random_terms_huge,22.472,0.0003853554
math_no_diff_int_KBC_max_rules_60_extended,random_terms_huge,17.016,0.0003103172
math_no_diff_int_KBC_max_rules_60_extended,no_div_no_pow_random_terms_large,9.656,0.0001080701
math_no_diff_int_KBC_max_rules_60_extended,no_div_no_pow_random_terms_small,2.962,0.0000114158
math_no_diff_int_KBC_max_rules_60_extended,random_terms_large,7.072,0.0000909513
math_no_diff_int_KBC_max_rules_60_extended,random_terms_small,2.212,0.0000087652
math_no_diff_int_KBC_max_rules_100_extended,no_div_no_pow_random_terms_huge,23.048,0.0005558789
math_no_diff_int_KBC_max_rules_100_extended,random_terms_huge,17.16,0.0004065872
math_no_diff_int_KBC_max_rules_100_extended,no_div_no_pow_random_terms_large,9.876,0.0001506076
math_no_diff_int_KBC_max_rules_100_extended,no_div_no_pow_random_terms_small,3.054,0.0000140777
math_no_diff_int_KBC_max_rules_100_extended,random_terms_large,7.12,0.0001211219
math_no_diff_int_KBC_max_rules_100_extended,random_terms_small,2.262,0.0000114816
math_no_diff_int_KBC_max_rules_200_extended,no_div_no_pow_random_terms_huge,23.632,0.0011111335
math_no_diff_int_KBC_max_rules_200_extended,random_terms_huge,17.328,0.0007565320
math_no_diff_int_KBC_max_rules_200_extended,no_div_no_pow_random_terms_large,10.008,0.0002867744
math_no_diff_int_KBC_max_rules_200_extended,no_div_no_pow_random_terms_small,3.05,0.0000203617
math_no_diff_int_KBC_max_rules_200_extended,random_terms_large,7.124,0.0002362419
math_no_diff_int_KBC_max_rules_200_extended,random_terms_small,2.238,0.0000166643
math_no_diff_int_KBC_max_rules_150_extended,no_div_no_pow_random_terms_huge,23.504,0.0007331016
math_no_diff_int_KBC_max_rules_150_extended,random_terms_huge,17.328,0.0005186080
math_no_diff_int_KBC_max_rules_150_extended,no_div_no_pow_random_terms_large,9.968,0.0001960949
math_no_diff_int_KBC_max_rules_150_extended,no_div_no_pow_random_terms_small,3.054,0.0000166267
math_no_diff_int_KBC_max_rules_150_extended,random_terms_large,7.116,0.0001584687
math_no_diff_int_KBC_max_rules_150_extended,random_terms_small,2.236,0.0000132527
math_no_diff_int_sep_div_KBC_max_rules_40_extended,no_div_no_pow_random_terms_huge,20.512,0.0002889611
math_no_diff_int_sep_div_KBC_max_rules_40_extended,random_terms_huge,16.984,0.0002897117
math_no_diff_int_sep_div_KBC_max_rules_40_extended,no_div_no_pow_random_terms_large,8.552,0.0000854581
math_no_diff_int_sep_div_KBC_max_rules_40_extended,no_div_no_pow_random_terms_small,2.646,0.0000089285
math_no_diff_int_sep_div_KBC_max_rules_40_extended,random_terms_large,7.06,0.0000820663
math_no_diff_int_sep_div_KBC_max_rules_40_extended,random_terms_small,2.184,0.0000084353
math_no_diff_int_sep_div_KBC_max_rules_60_extended,no_div_no_pow_random_terms_huge,22.112,0.0003111444
math_no_diff_int_sep_div_KBC_max_rules_60_extended,random_terms_huge,17.832,0.0003211268
math_no_diff_int_sep_div_KBC_max_rules_60_extended,no_div_no_pow_random_terms_large,9.352,0.0000900912
math_no_diff_int_sep_div_KBC_max_rules_60_extended,no_div_no_pow_random_terms_small,2.918,0.0000093404
math_no_diff_int_sep_div_KBC_max_rules_60_extended,random_terms_large,7.46,0.0000897260
math_no_diff_int_sep_div_KBC_max_rules_60_extended,random_terms_small,2.3,0.0000089224
math_no_diff_int_sep_div_KBC_max_rules_80_extended,no_div_no_pow_random_terms_huge,22.424,0.0004404177
math_no_diff_int_sep_div_KBC_max_rules_80_extended,random_terms_huge,17.896,0.0004000901
math_no_diff_int_sep_div_KBC_max_rules_80_extended,no_div_no_pow_random_terms_large,9.548,0.0001240443
math_no_diff_int_sep_div_KBC_max_rules_80_extended,no_div_no_pow_random_terms_small,2.938,0.0000131581
math_no_diff_int_sep_div_KBC_max_rules_80_extended,random_terms_large,7.456,0.0001213373
math_no_diff_int_sep_div_KBC_max_rules_80_extended,random_terms_small,2.328,0.0000133186
math_no_diff_int_sep_div_KBC_max_rules_100_extended,no_div_no_pow_random_terms_huge,22.424,0.0005270418
math_no_diff_int_sep_div_KBC_max_rules_100_extended,random_terms_huge,17.936,0.0004483409
math_no_diff_int_sep_div_KBC_max_rules_100_extended,no_div_no_pow_random_terms_large,9.564,0.0001446520
math_no_diff_int_sep_div_KBC_max_rules_100_extended,no_div_no_pow_random_terms_small,2.958,0.0000140844
math_no_diff_int_sep_div_KBC_max_rules_100_extended,random_terms_large,7.48,0.0001296310
math_no_diff_int_sep_div_KBC_max_rules_100_extended,random_terms_small,2.348,0.0000122714
math_no_diff_int_sep_div_KBC_max_rules_150_extended,no_div_no_pow_random_terms_huge,23.96,0.0006820170
math_no_diff_int_sep_div_KBC_max_rules_150_extended,random_terms_huge,18.4,0.0005447174
math_no_diff_int_sep_div_KBC_max_rules_150_extended,no_div_no_pow_random_terms_large,10.276,0.0001783731
math_no_diff_int_sep_div_KBC_max_rules_150_extended,no_div_no_pow_random_terms_small,3.16,0.0000163815
math_no_diff_int_sep_div_KBC_max_rules_150_extended,random_terms_large,7.668,0.0001598731
math_no_diff_int_sep_div_KBC_max_rules_150_extended,random_terms_small,2.414,0.0000143975
math_no_diff_int_sep_div_KBC_max_rules_200_extended,no_div_no_pow_random_terms_huge,23.984,0.0008226833
math_no_diff_int_sep_div_KBC_max_rules_200_extended,random_terms_huge,21.072,0.0005790027
math_no_diff_int_sep_div_KBC_max_rules_200_extended,no_div_no_pow_random_terms_large,10.36,0.0002132902
math_no_diff_int_sep_div_KBC_max_rules_200_extended,no_div_no_pow_random_terms_small,3.164,0.0000184611
math_no_diff_int_sep_div_KBC_max_rules_200_extended,random_terms_large,8.796,0.0001733740
math_no_diff_int_sep_div_KBC_max_rules_200_extended,random_terms_small,2.624,0.0000149063
math_no_diff_int_no_div_no_pow_KBC_max_rules_40_extended,no_div_no_pow_random_terms_huge,22.408,0.0003039766
math_no_diff_int_no_div_no_pow_KBC_max_rules_40_extended,random_terms_huge,11.504,0.0002412602
math_no_diff_int_no_div_no_pow_KBC_max_rules_40_extended,no_div_no_pow_random_terms_large,9.544,0.0000867948
math_no_diff_int_no_div_no_pow_KBC_max_rules_40_extended,no_div_no_pow_random_terms_small,2.936,0.0000093676
math_no_diff_int_no_div_no_pow_KBC_max_rules_40_extended,random_terms_large,5.292,0.0000703806
math_no_diff_int_no_div_no_pow_KBC_max_rules_40_extended,random_terms_small,1.608,0.0000070668
math_no_diff_int_no_div_no_pow_KBC_max_rules_60_extended,no_div_no_pow_random_terms_huge,23.64,0.0003900465
math_no_diff_int_no_div_no_pow_KBC_max_rules_60_extended,random_terms_huge,11.864,0.0003014353
math_no_diff_int_no_div_no_pow_KBC_max_rules_60_extended,no_div_no_pow_random_terms_large,10.124,0.0001030712
math_no_diff_int_no_div_no_pow_KBC_max_rules_60_extended,no_div_no_pow_random_terms_small,3.154,0.0000104200
math_no_diff_int_no_div_no_pow_KBC_max_rules_60_extended,random_terms_large,5.532,0.0000860355
math_no_diff_int_no_div_no_pow_KBC_max_rules_60_extended,random_terms_small,1.668,0.0000082053
math_no_diff_int_no_div_no_pow_KBC_max_rules_80_extended,no_div_no_pow_random_terms_huge,23.272,0.0004352782
math_no_diff_int_no_div_no_pow_KBC_max_rules_80_extended,random_terms_huge,11.816,0.0003215851
math_no_diff_int_no_div_no_pow_KBC_max_rules_80_extended,no_div_no_pow_random_terms_large,9.888,0.0001179657
math_no_diff_int_no_div_no_pow_KBC_max_rules_80_extended,no_div_no_pow_random_terms_small,3.056,0.0000112997
math_no_diff_int_no_div_no_pow_KBC_max_rules_80_extended,random_terms_large,5.38,0.0000954239
math_no_diff_int_no_div_no_pow_KBC_max_rules_80_extended,random_terms_small,1.636,0.0000083573
math_no_diff_int_no_div_no_pow_KBC_max_rules_100_extended,no_div_no_pow_random_terms_huge,23.312,0.0005304356
math_no_diff_int_no_div_no_pow_KBC_max_rules_100_extended,random_terms_huge,11.816,0.0003959274
math_no_diff_int_no_div_no_pow_KBC_max_rules_100_extended,no_div_no_pow_random_terms_large,9.912,0.0001433910
math_no_diff_int_no_div_no_pow_KBC_max_rules_100_extended,no_div_no_pow_random_terms_small,3.058,0.0000125316
math_no_diff_int_no_div_no_pow_KBC_max_rules_100_extended,random_terms_large,5.388,0.0001190242
math_no_diff_int_no_div_no_pow_KBC_max_rules_100_extended,random_terms_small,1.634,0.0000099510
math_no_diff_int_no_div_no_pow_KBC_max_rules_150_extended,no_div_no_pow_random_terms_huge,23.416,0.0007993222
math_no_diff_int_no_div_no_pow_KBC_max_rules_150_extended,random_terms_huge,11.832,0.0006122764
math_no_diff_int_no_div_no_pow_KBC_max_rules_150_extended,no_div_no_pow_random_terms_large,9.964,0.0002119958
math_no_diff_int_no_div_no_pow_KBC_max_rules_150_extended,no_div_no_pow_random_terms_small,3.06,0.0000159409
math_no_diff_int_no_div_no_pow_KBC_max_rules_150_extended,random_terms_large,5.392,0.0001891267
math_no_diff_int_no_div_no_pow_KBC_max_rules_150_extended,random_terms_small,1.64,0.0000131764
math_no_diff_int_no_div_no_pow_KBC_max_rules_200_extended,no_div_no_pow_random_terms_huge,23.552,0.0009618868
math_no_diff_int_no_div_no_pow_KBC_max_rules_200_extended,random_terms_huge,11.864,0.0007659473
math_no_diff_int_no_div_no_pow_KBC_max_rules_200_extended,no_div_no_pow_random_terms_large,10.012,0.0002507057
math_no_diff_int_no_div_no_pow_KBC_max_rules_200_extended,no_div_no_pow_random_terms_small,3.07,0.0000180863
math_no_diff_int_no_div_no_pow_KBC_max_rules_200_extended,random_terms_large,5.42,0.0002304809
math_no_diff_int_no_div_no_pow_KBC_max_rules_200_extended,random_terms_small,1.64,0.0000154201
math_no_diff_int_no_div_no_pow_KBC_max_rules_40_extended_no_unorderable,no_div_no_pow_random_terms_huge,22.408,0.0002494824
math_no_diff_int_no_div_no_pow_KBC_max_rules_40_extended_no_unorderable,random_terms_huge,11.504,0.0001938826
math_no_diff_int_no_div_no_pow_KBC_max_rules_40_extended_no_unorderable,no_div_no_pow_random_terms_large,9.556,0.0000692568
math_no_diff_int_no_div_no_pow_KBC_max_rules_40_extended_no_unorderable,no_div_no_pow_random_terms_small,2.954,0.0000082977
math_no_diff_int_no_div_no_pow_KBC_max_rules_40_extended_no_unorderable,random_terms_large,5.348,0.0000561661
math_no_diff_int_no_div_no_pow_KBC_max_rules_40_extended_no_unorderable,random_terms_small,1.612,0.0000061217
math_no_diff_int_no_div_no_pow_KBC_max_rules_60_extended_no_unorderable,no_div_no_pow_random_terms_huge,23.664,0.0002778956
math_no_diff_int_no_div_no_pow_KBC_max_rules_60_extended_no_unorderable,random_terms_huge,11.864,0.0002148065
math_no_diff_int_no_div_no_pow_KBC_max_rules_60_extended_no_unorderable,no_div_no_pow_random_terms_large,10.12,0.0000749158
math_no_diff_int_no_div_no_pow_KBC_max_rules_60_extended_no_unorderable,no_div_no_pow_random_terms_small,3.16,0.0000086362
math_no_diff_int_no_div_no_pow_KBC_max_rules_60_extended_no_unorderable,random_terms_large,5.532,0.0000603951
math_no_diff_int_no_div_no_pow_KBC_max_rules_60_extended_no_unorderable,random_terms_small,1.67,0.0000067390
math_no_diff_int_no_div_no_pow_KBC_max_rules_80_extended_no_unorderable,no_div_no_pow_random_terms_huge,23.28,0.0003100301
math_no_diff_int_no_div_no_pow_KBC_max_rules_80_extended_no_unorderable,random_terms_huge,11.816,0.0002354164
math_no_diff_int_no_div_no_pow_KBC_max_rules_80_extended_no_unorderable,no_div_no_pow_random_terms_large,9.872,0.0000850734
math_no_diff_int_no_div_no_pow_KBC_max_rules_80_extended_no_unorderable,no_div_no_pow_random_terms_small,3.052,0.0000088713
math_no_diff_int_no_div_no_pow_KBC_max_rules_80_extended_no_unorderable,random_terms_large,5.376,0.0000692891
math_no_diff_int_no_div_no_pow_KBC_max_rules_80_extended_no_unorderable,random_terms_small,1.636,0.0000068419
math_no_diff_int_no_div_no_pow_KBC_max_rules_100_extended_no_unorderable,no_div_no_pow_random_terms_huge,23.32,0.0003222576
math_no_diff_int_no_div_no_pow_KBC_max_rules_100_extended_no_unorderable,random_terms_huge,11.816,0.0002455934
math_no_diff_int_no_div_no_pow_KBC_max_rules_100_extended_no_unorderable,no_div_no_pow_random_terms_large,9.896,0.0000890360
math_no_diff_int_no_div_no_pow_KBC_max_rules_100_extended_no_unorderable,no_div_no_pow_random_terms_small,3.052,0.0000098184
math_no_diff_int_no_div_no_pow_KBC_max_rules_100_extended_no_unorderable,random_terms_large,5.384,0.0000713894
math_no_diff_int_no_div_no_pow_KBC_max_rules_100_extended_no_unorderable,random_terms_small,1.636,0.0000071931
math_no_diff_int_no_div_no_pow_KBC_max_rules_150_extended_no_unorderable,no_div_no_pow_random_terms_huge,23.4,0.0003544598
math_no_diff_int_no_div_no_pow_KBC_max_rules_150_extended_no_unorderable,random_terms_huge,11.832,0.0002701796
math_no_diff_int_no_div_no_pow_KBC_max_rules_150_extended_no_unorderable,no_div_no_pow_random_terms_large,9.956,0.0000967640
math_no_diff_int_no_div_no_pow_KBC_max_rules_150_extended_no_unorderable,no_div_no_pow_random_terms_small,3.054,0.0000095973
math_no_diff_int_no_div_no_pow_KBC_max_rules_150_extended_no_unorderable,random_terms_large,5.388,0.0000793480
math_no_diff_int_no_div_no_pow_KBC_max_rules_150_extended_no_unorderable,random_terms_small,1.636,0.0000073938
math_no_diff_int_no_div_no_pow_KBC_max_rules_200_extended_no_unorderable,no_div_no_pow_random_terms_huge,23.584,0.0004371700
math_no_diff_int_no_div_no_pow_KBC_max_rules_200_extended_no_unorderable,random_terms_huge,11.864,0.0003161276
math_no_diff_int_no_div_no_pow_KBC_max_rules_200_extended_no_unorderable,no_div_no_pow_random_terms_large,10.044,0.0001154556
math_no_diff_int_no_div_no_pow_KBC_max_rules_200_extended_no_unorderable,no_div_no_pow_random_terms_small,3.068,0.0000105768
math_no_diff_int_no_div_no_pow_KBC_max_rules_200_extended_no_unorderable,random_terms_large,5.42,0.0000961511
math_no_diff_int_no_div_no_pow_KBC_max_rules_200_extended_no_unorderable,random_terms_small,1.636,0.0000079721
math_no_diff_int_sep_div_KBC_max_rules_40_extended_no_unorderable,no_div_no_pow_random_terms_huge,20.512,0.0002649670
math_no_diff_int_sep_div_KBC_max_rules_40_extended_no_unorderable,random_terms_huge,16.984,0.0002714712
math_no_diff_int_sep_div_KBC_max_rules_40_extended_no_unorderable,no_div_no_pow_random_terms_large,8.552,0.0000770303
math_no_diff_int_sep_div_KBC_max_rules_40_extended_no_unorderable,no_div_no_pow_random_terms_small,2.646,0.0000085593
math_no_diff_int_sep_div_KBC_max_rules_40_extended_no_unorderable,random_terms_large,7.06,0.0000768983
math_no_diff_int_sep_div_KBC_max_rules_40_extended_no_unorderable,random_terms_small,2.184,0.0000080057
math_no_diff_int_sep_div_KBC_max_rules_60_extended_no_unorderable,no_div_no_pow_random_terms_huge,22.112,0.0002643775
math_no_diff_int_sep_div_KBC_max_rules_60_extended_no_unorderable,random_terms_huge,17.832,0.0002870974
math_no_diff_int_sep_div_KBC_max_rules_60_extended_no_unorderable,no_div_no_pow_random_terms_large,9.352,0.0000770777
math_no_diff_int_sep_div_KBC_max_rules_60_extended_no_unorderable,no_div_no_pow_random_terms_small,2.918,0.0000085957
math_no_diff_int_sep_div_KBC_max_rules_60_extended_no_unorderable,random_terms_large,7.46,0.0000799073
math_no_diff_int_sep_div_KBC_max_rules_60_extended_no_unorderable,random_terms_small,2.3,0.0000085435
math_no_diff_int_sep_div_KBC_max_rules_80_extended_no_unorderable,no_div_no_pow_random_terms_huge,22.424,0.0003208296
math_no_diff_int_sep_div_KBC_max_rules_80_extended_no_unorderable,random_terms_huge,17.896,0.0003224492
math_no_diff_int_sep_div_KBC_max_rules_80_extended_no_unorderable,no_div_no_pow_random_terms_large,9.56,0.0000896604
math_no_diff_int_sep_div_KBC_max_rules_80_extended_no_unorderable,no_div_no_pow_random_terms_small,2.956,0.0000103713
math_no_diff_int_sep_div_KBC_max_rules_80_extended_no_unorderable,random_terms_large,7.512,0.0000891279
math_no_diff_int_sep_div_KBC_max_rules_80_extended_no_unorderable,random_terms_small,2.332,0.0000091726
math_no_diff_int_sep_div_KBC_max_rules_100_extended_no_unorderable,no_div_no_pow_random_terms_huge,22.408,0.0003345096
math_no_diff_int_sep_div_KBC_max_rules_100_extended_no_unorderable,random_terms_huge,17.936,0.0003298358
math_no_diff_int_sep_div_KBC_max_rules_100_extended_no_unorderable,no_div_no_pow_random_terms_large,9.568,0.0000929133
math_no_diff_int_sep_div_KBC_max_rules_100_extended_no_unorderable,no_div_no_pow_random_terms_small,2.976,0.0000103656
math_no_diff_int_sep_div_KBC_max_rules_100_extended_no_unorderable,random_terms_large,7.536,0.0000926062
math_no_diff_int_sep_div_KBC_max_rules_100_extended_no_unorderable,random_terms_small,2.352,0.0000097934
math_no_diff_int_sep_div_KBC_max_rules_150_extended_no_unorderable,no_div_no_pow_random_terms_huge,23.944,0.0004072601
math_no_diff_int_sep_div_KBC_max_rules_150_extended_no_unorderable,random_terms_huge,18.4,0.0003735332
math_no_diff_int_sep_div_KBC_max_rules_150_extended_no_unorderable,no_div_no_pow_random_terms_large,10.252,0.0001068304
math_no_diff_int_sep_div_KBC_max_rules_150_extended_no_unorderable,no_div_no_pow_random_terms_small,3.174,0.0000118865
math_no_diff_int_sep_div_KBC_max_rules_150_extended_no_unorderable,random_terms_large,7.72,0.0001051116
math_no_diff_int_sep_div_KBC_max_rules_150_extended_no_unorderable,random_terms_small,2.418,0.0000107191
math_no_diff_int_sep_div_KBC_max_rules_200_extended_no_unorderable,no_div_no_pow_random_terms_huge,23.96,0.0004415103
math_no_diff_int_sep_div_KBC_max_rules_200_extended_no_unorderable,random_terms_huge,21.072,0.0003733514
math_no_diff_int_sep_div_KBC_max_rules_200_extended_no_unorderable,no_div_no_pow_random_terms_large,10.332,0.0001166692
math_no_diff_int_sep_div_KBC_max_rules_200_extended_no_unorderable,no_div_no_pow_random_terms_small,3.176,0.0000125521
math_no_diff_int_sep_div_KBC_max_rules_200_extended_no_unorderable,random_terms_large,8.816,0.0001069462
math_no_diff_int_sep_div_KBC_max_rules_200_extended_no_unorderable,random_terms_small,2.628,0.0000107558
math_no_diff_int_KBC_max_rules_40_extended_no_unorderable,no_div_no_pow_random_terms_huge,22.104,0.0002364388
math_no_diff_int_KBC_max_rules_40_extended_no_unorderable,random_terms_huge,16.944,0.0002138390
math_no_diff_int_KBC_max_rules_40_extended_no_unorderable,no_div_no_pow_random_terms_large,9.352,0.0000691313
math_no_diff_int_KBC_max_rules_40_extended_no_unorderable,no_div_no_pow_random_terms_small,2.918,0.0000082860
math_no_diff_int_KBC_max_rules_40_extended_no_unorderable,random_terms_large,7.06,0.0000604625
math_no_diff_int_KBC_max_rules_40_extended_no_unorderable,random_terms_small,2.172,0.0000069338
math_no_diff_int_KBC_max_rules_60_extended_no_unorderable,no_div_no_pow_random_terms_huge,22.464,0.0002760756
math_no_diff_int_KBC_max_rules_60_extended_no_unorderable,random_terms_huge,17.016,0.0002361177
math_no_diff_int_KBC_max_rules_60_extended_no_unorderable,no_div_no_pow_random_terms_large,9.668,0.0000771293
math_no_diff_int_KBC_max_rules_60_extended_no_unorderable,no_div_no_pow_random_terms_small,2.98,0.0000092153
math_no_diff_int_KBC_max_rules_60_extended_no_unorderable,random_terms_large,7.128,0.0000662565
math_no_diff_int_KBC_max_rules_60_extended_no_unorderable,random_terms_small,2.216,0.0000074486
math_no_diff_int_KBC_max_rules_80_extended_no_unorderable,no_div_no_pow_random_terms_huge,22.368,0.0003093870
math_no_diff_int_KBC_max_rules_80_extended_no_unorderable,random_terms_huge,17.032,0.0002495535
math_no_diff_int_KBC_max_rules_80_extended_no_unorderable,no_div_no_pow_random_terms_large,9.544,0.0000842590
math_no_diff_int_KBC_max_rules_80_extended_no_unorderable,no_div_no_pow_random_terms_small,2.974,0.0000097492
math_no_diff_int_KBC_max_rules_80_extended_no_unorderable,random_terms_large,7.116,0.0000707589
math_no_diff_int_KBC_max_rules_80_extended_no_unorderable,random_terms_small,2.222,0.0000079827
math_no_diff_int_KBC_max_rules_100_extended_no_unorderable,no_div_no_pow_random_terms_huge,23.04,0.0003397908
math_no_diff_int_KBC_max_rules_100_extended_no_unorderable,random_terms_huge,17.16,0.0002776099
math_no_diff_int_KBC_max_rules_100_extended_no_unorderable,no_div_no_pow_random_terms_large,9.864,0.0000920259
math_no_diff_int_KBC_max_rules_100_extended_no_unorderable,no_div_no_pow_random_terms_small,3.072,0.0000100165
math_no_diff_int_KBC_max_rules_100_extended_no_unorderable,random_terms_large,7.176,0.0000779813
math_no_diff_int_KBC_max_rules_100_extended_no_unorderable,random_terms_small,2.266,0.0000086592
math_no_diff_int_KBC_max_rules_150_extended_no_unorderable,no_div_no_pow_random_terms_huge,23.44,0.0004006637
math_no_diff_int_KBC_max_rules_150_extended_no_unorderable,random_terms_huge,17.328,0.0003126960
math_no_diff_int_KBC_max_rules_150_extended_no_unorderable,no_div_no_pow_random_terms_large,9.94,0.0001074230
math_no_diff_int_KBC_max_rules_150_extended_no_unorderable,no_div_no_pow_random_terms_small,3.066,0.0000113230
math_no_diff_int_KBC_max_rules_150_extended_no_unorderable,random_terms_large,7.168,0.0000885630
math_no_diff_int_KBC_max_rules_150_extended_no_unorderable,random_terms_small,2.24,0.0000087767
math_no_diff_int_KBC_max_rules_200_extended_no_unorderable,no_div_no_pow_random_terms_huge,23.664,0.0004264340
math_no_diff_int_KBC_max_rules_200_extended_no_unorderable,random_terms_huge,17.328,0.0003268276
math_no_diff_int_KBC_max_rules_200_extended_no_unorderable,no_div_no_pow_random_terms_large,10.012,0.0001134412
math_no_diff_int_KBC_max_rules_200_extended_no_unorderable,no_div_no_pow_random_terms_small,3.066,0.0000116003
math_no_diff_int_KBC_max_rules_200_extended_no_unorderable,random_terms_large,7.184,0.0000936501
math_no_diff_int_KBC_max_rules_200_extended_no_unorderable,random_terms_small,2.236,0.0000094589
math_no_diff_int_KBC_max_rules_40,no_div_no_pow_random_terms_huge,22.096,0.0002398142
math_no_diff_int_KBC_max_rules_40,random_terms_huge,16.936,0.0002153171
math_no_diff_int_KBC_max_rules_40,no_div_no_pow_random_terms_large,9.352,0.0000706193
math_no_diff_int_KBC_max_rules_40,no_div_no_pow_random_terms_small,2.922,0.0000084464
math_no_diff_int_KBC_max_rules_40,random_terms_large,7.06,0.0000616143
math_no_diff_int_KBC_max_rules_40,random_terms_small,2.172,0.0000070751
math_no_diff_int_KBC_max_rules_60,no_div_no_pow_random_terms_huge,22.456,0.0003632853
math_no_diff_int_KBC_max_rules_60,random_terms_huge,17.008,0.0002955850
math_no_diff_int_KBC_max_rules_60,no_div_no_pow_random_terms_large,9.656,0.0001029683
math_no_diff_int_KBC_max_rules_60,no_div_no_pow_random_terms_small,2.966,0.0000107979
math_no_diff_int_KBC_max_rules_60,random_terms_large,7.072,0.0000862870
math_no_diff_int_KBC_max_rules_60,random_terms_small,2.216,0.0000089930
math_no_diff_int_KBC_max_rules_100,no_div_no_pow_random_terms_huge,23.032,0.0005362183
math_no_diff_int_KBC_max_rules_100,random_terms_huge,17.152,0.0004169283
math_no_diff_int_KBC_max_rules_100,no_div_no_pow_random_terms_large,9.876,0.0001466364
math_no_diff_int_KBC_max_rules_100,no_div_no_pow_random_terms_small,3.058,0.0000137832
math_no_diff_int_KBC_max_rules_100,random_terms_large,7.12,0.0001153965
math_no_diff_int_KBC_max_rules_100,random_terms_small,2.266,0.0000107704
math_no_diff_int_KBC_max_rules_80,no_div_no_pow_random_terms_huge,22.36,0.0004679245
math_no_diff_int_KBC_max_rules_80,random_terms_huge,17.024,0.0003447288
math_no_diff_int_KBC_max_rules_80,no_div_no_pow_random_terms_large,9.54,0.0001328832
math_no_diff_int_KBC_max_rules_80,no_div_no_pow_random_terms_small,2.958,0.0000123810
math_no_diff_int_KBC_max_rules_80,random_terms_large,7.06,0.0001002937
math_no_diff_int_KBC_max_rules_80,random_terms_small,2.222,0.0000097846
math_no_diff_int_KBC_max_rules_150,no_div_no_pow_random_terms_huge,23.496,0.0007069164
math_no_diff_int_KBC_max_rules_150,random_terms_huge,17.328,0.0005008872
math_no_diff_int_KBC_max_rules_150,no_div_no_pow_random_terms_large,9.972,0.0001899663
math_no_diff_int_KBC_max_rules_150,no_div_no_pow_random_terms_small,3.06,0.0000163475
math_no_diff_int_KBC_max_rules_150,random_terms_large,7.12,0.0001521785
math_no_diff_int_KBC_max_rules_150,random_terms_small,2.242,0.0000127966
math_no_diff_int_KBC_max_rules_200,no_div_no_pow_random_terms_huge,23.624,0.0010448688
math_no_diff_int_KBC_max_rules_200,random_terms_huge,17.344,0.0007310792
math_no_diff_int_KBC_max_rules_200,no_div_no_pow_random_terms_large,10.028,0.0002867847
math_no_diff_int_KBC_max_rules_200,no_div_no_pow_random_terms_small,3.06,0.0000197992
math_no_diff_int_KBC_max_rules_200,random_terms_large,7.128,0.0002311467
math_no_diff_int_KBC_max_rules_200,random_terms_small,2.248,0.0000158715
math_no_diff_int_no_div_no_pow_KBC_max_rules_40,no_div_no_pow_random_terms_huge,22.392,0.0002872149
math_no_diff_int_no_div_no_pow_KBC_max_rules_40,random_terms_huge,11.504,0.0002303810
math_no_diff_int_no_div_no_pow_KBC_max_rules_40,no_div_no_pow_random_terms_large,9.544,0.0000817799
math_no_diff_int_no_div_no_pow_KBC_max_rules_40,no_div_no_pow_random_terms_small,2.94,0.0000087133
math_no_diff_int_no_div_no_pow_KBC_max_rules_40,random_terms_large,5.292,0.0000659945
math_no_diff_int_no_div_no_pow_KBC_max_rules_40,random_terms_small,1.612,0.0000067756
math_no_diff_int_no_div_no_pow_KBC_max_rules_60,no_div_no_pow_random_terms_huge,23.624,0.0003663989
math_no_diff_int_no_div_no_pow_KBC_max_rules_60,random_terms_huge,11.864,0.0002854485
math_no_diff_int_no_div_no_pow_KBC_max_rules_60,no_div_no_pow_random_terms_large,10.124,0.0000980515
math_no_diff_int_no_div_no_pow_KBC_max_rules_60,no_div_no_pow_random_terms_small,3.158,0.0000101287
math_no_diff_int_no_div_no_pow_KBC_max_rules_60,random_terms_large,5.532,0.0000817606
math_no_diff_int_no_div_no_pow_KBC_max_rules_60,random_terms_small,1.672,0.0000081184
math_no_diff_int_no_div_no_pow_KBC_max_rules_100,no_div_no_pow_random_terms_huge,23.312,0.0005058399
math_no_diff_int_no_div_no_pow_KBC_max_rules_100,random_terms_huge,11.816,0.0003832641
math_no_diff_int_no_div_no_pow_KBC_max_rules_100,no_div_no_pow_random_terms_large,9.912,0.0001379855
math_no_diff_int_no_div_no_pow_KBC_max_rules_100,no_div_no_pow_random_terms_small,3.062,0.0000123917
math_no_diff_int_no_div_no_pow_KBC_max_rules_100,random_terms_large,5.388,0.0001145487
math_no_diff_int_no_div_no_pow_KBC_max_rules_100,random_terms_small,1.638,0.0000093731
math_no_diff_int_no_div_no_pow_KBC_max_rules_80,no_div_no_pow_random_terms_huge,23.272,0.0004178289
math_no_diff_int_no_div_no_pow_KBC_max_rules_80,random_terms_huge,11.816,0.0003109500
math_no_diff_int_no_div_no_pow_KBC_max_rules_80,no_div_no_pow_random_terms_large,9.888,0.0001133309
math_no_diff_int_no_div_no_pow_KBC_max_rules_80,no_div_no_pow_random_terms_small,3.06,0.0000109804
math_no_diff_int_no_div_no_pow_KBC_max_rules_80,random_terms_large,5.38,0.0000907610
math_no_diff_int_no_div_no_pow_KBC_max_rules_80,random_terms_small,1.64,0.0000084918
math_no_diff_int_no_div_no_pow_KBC_max_rules_150,no_div_no_pow_random_terms_huge,23.416,0.0007689768
math_no_diff_int_no_div_no_pow_KBC_max_rules_150,random_terms_huge,11.832,0.0005999709
math_no_diff_int_no_div_no_pow_KBC_max_rules_150,no_div_no_pow_random_terms_large,9.964,0.0002070229
math_no_diff_int_no_div_no_pow_KBC_max_rules_150,no_div_no_pow_random_terms_small,3.064,0.0000153452
math_no_diff_int_no_div_no_pow_KBC_max_rules_150,random_terms_large,5.392,0.0001841392
math_no_diff_int_no_div_no_pow_KBC_max_rules_150,random_terms_small,1.644,0.0000129281
math_no_diff_int_no_div_no_pow_KBC_max_rules_200,no_div_no_pow_random_terms_huge,23.552,0.0009350625
math_no_diff_int_no_div_no_pow_KBC_max_rules_200,random_terms_huge,11.864,0.0007562523
math_no_diff_int_no_div_no_pow_KBC_max_rules_200,no_div_no_pow_random_terms_large,10.012,0.0002447777
math_no_diff_int_no_div_no_pow_KBC_max_rules_200,no_div_no_pow_random_terms_small,3.074,0.0000173400
math_no_diff_int_no_div_no_pow_KBC_max_rules_200,random_terms_large,5.42,0.0002280071
math_no_diff_int_no_div_no_pow_KBC_max_rules_200,random_terms_small,1.644,0.0000152488
math_no_diff_int_sep_div_KBC_max_rules_40,no_div_no_pow_random_terms_huge,20.488,0.0002328078
math_no_diff_int_sep_div_KBC_max_rules_40,random_terms_huge,16.944,0.0002336925
math_no_diff_int_sep_div_KBC_max_rules_40,no_div_no_pow_random_terms_large,8.56,0.0000697099
math_no_diff_int_sep_div_KBC_max_rules_40,no_div_no_pow_random_terms_small,2.65,0.0000080296
math_no_diff_int_sep_div_KBC_max_rules_40,random_terms_large,7.056,0.0000641337
math_no_diff_int_sep_div_KBC_max_rules_40,random_terms_small,2.186,0.0000069033
math_no_diff_int_sep_div_KBC_max_rules_60,no_div_no_pow_random_terms_huge,22.096,0.0002740427
math_no_diff_int_sep_div_KBC_max_rules_60,random_terms_huge,17.784,0.0002735981
math_no_diff_int_sep_div_KBC_max_rules_60,no_div_no_pow_random_terms_large,9.352,0.0000785276
math_no_diff_int_sep_div_KBC_max_rules_60,no_div_no_pow_random_terms_small,2.922,0.0000090133
math_no_diff_int_sep_div_KBC_max_rules_60,random_terms_large,7.456,0.0000748710
math_no_diff_int_sep_div_KBC_max_rules_60,random_terms_small,2.302,0.0000083849
math_no_diff_int_sep_div_KBC_max_rules_80,no_div_no_pow_random_terms_huge,22.408,0.0003947377
math_no_diff_int_sep_div_KBC_max_rules_80,random_terms_huge,17.848,0.0003515312
math_no_diff_int_sep_div_KBC_max_rules_80,no_div_no_pow_random_terms_large,9.548,0.0001121919
math_no_diff_int_sep_div_KBC_max_rules_80,no_div_no_pow_random_terms_small,2.942,0.0000116849
math_no_diff_int_sep_div_KBC_max_rules_80,random_terms_large,7.452,0.0000997386
math_no_diff_int_sep_div_KBC_max_rules_80,random_terms_small,2.33,0.0000099712
math_no_diff_int_sep_div_KBC_max_rules_100,no_div_no_pow_random_terms_huge,22.408,0.0004840481
math_no_diff_int_sep_div_KBC_max_rules_100,random_terms_huge,17.888,0.0003952761
math_no_diff_int_sep_div_KBC_max_rules_100,no_div_no_pow_random_terms_large,9.564,0.0001345603
math_no_diff_int_sep_div_KBC_max_rules_100,no_div_no_pow_random_terms_small,2.962,0.0000133737
math_no_diff_int_sep_div_KBC_max_rules_100,random_terms_large,7.472,0.0001132364
math_no_diff_int_sep_div_KBC_max_rules_100,random_terms_small,2.35,0.0000106262
math_no_diff_int_sep_div_KBC_max_rules_150,no_div_no_pow_random_terms_huge,23.936,0.0006465215
math_no_diff_int_sep_div_KBC_max_rules_150,random_terms_huge,18.352,0.0005011424
math_no_diff_int_sep_div_KBC_max_rules_150,no_div_no_pow_random_terms_large,10.276,0.0001660373
math_no_diff_int_sep_div_KBC_max_rules_150,no_div_no_pow_random_terms_small,3.164,0.0000156831
math_no_diff_int_sep_div_KBC_max_rules_150,random_terms_large,7.664,0.0001411323
math_no_diff_int_sep_div_KBC_max_rules_150,random_terms_small,2.416,0.0000129888
math_no_diff_int_sep_div_KBC_max_rules_200,no_div_no_pow_random_terms_huge,23.976,0.0007641696
math_no_diff_int_sep_div_KBC_max_rules_200,random_terms_huge,21,0.0005462693
math_no_diff_int_sep_div_KBC_max_rules_200,no_div_no_pow_random_terms_large,10.36,0.0002029630
math_no_diff_int_sep_div_KBC_max_rules_200,no_div_no_pow_random_terms_small,3.168,0.0000173700
math_no_diff_int_sep_div_KBC_max_rules_200,random_terms_large,8.792,0.0001577848
math_no_diff_int_sep_div_KBC_max_rules_200,random_terms_small,2.624,0.0000139636
math_no_diff_int_no_div_no_pow_KBC_max_rules_40_no_unorderable,no_div_no_pow_random_terms_huge,22.392,0.0002235471
math_no_diff_int_no_div_no_pow_KBC_max_rules_40_no_unorderable,random_terms_huge,11.504,0.0001812334
math_no_diff_int_no_div_no_pow_KBC_max_rules_40_no_unorderable,no_div_no_pow_random_terms_large,9.556,0.0000646501
math_no_diff_int_no_div_no_pow_KBC_max_rules_40_no_unorderable,no_div_no_pow_random_terms_small,2.958,0.0000077537
math_no_diff_int_no_div_no_pow_KBC_max_rules_40_no_unorderable,random_terms_large,5.348,0.0000518008
math_no_diff_int_no_div_no_pow_KBC_max_rules_40_no_unorderable,random_terms_small,1.616,0.0000056788
math_no_diff_int_no_div_no_pow_KBC_max_rules_60_no_unorderable,no_div_no_pow_random_terms_huge,23.648,0.0002558898
math_no_diff_int_no_div_no_pow_KBC_max_rules_60_no_unorderable,random_terms_huge,11.864,0.0002012348
math_no_diff_int_no_div_no_pow_KBC_max_rules_60_no_unorderable,no_div_no_pow_random_terms_large,10.12,0.0000700065
math_no_diff_int_no_div_no_pow_KBC_max_rules_60_no_unorderable,no_div_no_pow_random_terms_small,3.164,0.0000083516
math_no_diff_int_no_div_no_pow_KBC_max_rules_60_no_unorderable,random_terms_large,5.532,0.0000567719
math_no_diff_int_no_div_no_pow_KBC_max_rules_60_no_unorderable,random_terms_small,1.674,0.0000062227
math_no_diff_int_no_div_no_pow_KBC_max_rules_80_no_unorderable,no_div_no_pow_random_terms_huge,23.28,0.0002873973
math_no_diff_int_no_div_no_pow_KBC_max_rules_80_no_unorderable,random_terms_huge,11.816,0.0002193791
math_no_diff_int_no_div_no_pow_KBC_max_rules_80_no_unorderable,no_div_no_pow_random_terms_large,9.872,0.0000799079
math_no_diff_int_no_div_no_pow_KBC_max_rules_80_no_unorderable,no_div_no_pow_random_terms_small,3.056,0.0000089751
math_no_diff_int_no_div_no_pow_KBC_max_rules_80_no_unorderable,random_terms_large,5.376,0.0000626908
math_no_diff_int_no_div_no_pow_KBC_max_rules_80_no_unorderable,random_terms_small,1.64,0.0000067011
math_no_diff_int_no_div_no_pow_KBC_max_rules_100_no_unorderable,no_div_no_pow_random_terms_huge,23.32,0.0003041215
math_no_diff_int_no_div_no_pow_KBC_max_rules_100_no_unorderable,random_terms_huge,11.816,0.0002333343
math_no_diff_int_no_div_no_pow_KBC_max_rules_100_no_unorderable,no_div_no_pow_random_terms_large,9.896,0.0000847982
math_no_diff_int_no_div_no_pow_KBC_max_rules_100_no_unorderable,no_div_no_pow_random_terms_small,3.056,0.0000088217
math_no_diff_int_no_div_no_pow_KBC_max_rules_100_no_unorderable,random_terms_large,5.384,0.0000669654
math_no_diff_int_no_div_no_pow_KBC_max_rules_100_no_unorderable,random_terms_small,1.64,0.0000066398
math_no_diff_int_no_div_no_pow_KBC_max_rules_150_no_unorderable,no_div_no_pow_random_terms_huge,23.4,0.0003284419
math_no_diff_int_no_div_no_pow_KBC_max_rules_150_no_unorderable,random_terms_huge,11.832,0.0002698415
math_no_diff_int_no_div_no_pow_KBC_max_rules_150_no_unorderable,no_div_no_pow_random_terms_large,9.956,0.0000926470
math_no_diff_int_no_div_no_pow_KBC_max_rules_150_no_unorderable,no_div_no_pow_random_terms_small,3.058,0.0000094201
math_no_diff_int_no_div_no_pow_KBC_max_rules_150_no_unorderable,random_terms_large,5.388,0.0000755223
math_no_diff_int_no_div_no_pow_KBC_max_rules_150_no_unorderable,random_terms_small,1.64,0.0000073639
math_no_diff_int_no_div_no_pow_KBC_max_rules_200_no_unorderable,no_div_no_pow_random_terms_huge,23.584,0.0003918888
math_no_diff_int_no_div_no_pow_KBC_max_rules_200_no_unorderable,random_terms_huge,11.864,0.0003057058
math_no_diff_int_no_div_no_pow_KBC_max_rules_200_no_unorderable,no_div_no_pow_random_terms_large,10.044,0.0001109284
math_no_diff_int_no_div_no_pow_KBC_max_rules_200_no_unorderable,no_div_no_pow_random_terms_small,3.072,0.0000107113
math_no_diff_int_no_div_no_pow_KBC_max_rules_200_no_unorderable,random_terms_large,5.42,0.0000915721
math_no_diff_int_no_div_no_pow_KBC_max_rules_200_no_unorderable,random_terms_small,1.64,0.0000079132
math_no_diff_int_sep_div_KBC_max_rules_40_no_unorderable,no_div_no_pow_random_terms_huge,20.488,0.0002060907
math_no_diff_int_sep_div_KBC_max_rules_40_no_unorderable,random_terms_huge,16.944,0.0002144998
math_no_diff_int_sep_div_KBC_max_rules_40_no_unorderable,no_div_no_pow_random_terms_large,8.556,0.0000614148
math_no_diff_int_sep_div_KBC_max_rules_40_no_unorderable,no_div_no_pow_random_terms_small,2.65,0.0000077289
math_no_diff_int_sep_div_KBC_max_rules_40_no_unorderable,random_terms_large,7.056,0.0000588128
math_no_diff_int_sep_div_KBC_max_rules_40_no_unorderable,random_terms_small,2.186,0.0000066653
math_no_diff_int_sep_div_KBC_max_rules_60_no_unorderable,no_div_no_pow_random_terms_huge,22.088,0.0002219070
math_no_diff_int_sep_div_KBC_max_rules_60_no_unorderable,random_terms_huge,17.784,0.0002368193
math_no_diff_int_sep_div_KBC_max_rules_60_no_unorderable,no_div_no_pow_random_terms_large,9.352,0.0000659505
math_no_diff_int_sep_div_KBC_max_rules_60_no_unorderable,no_div_no_pow_random_terms_small,2.922,0.0000083030
math_no_diff_int_sep_div_KBC_max_rules_60_no_unorderable,random_terms_large,7.456,0.0000660855
math_no_diff_int_sep_div_KBC_max_rules_60_no_unorderable,random_terms_small,2.302,0.0000081153
math_no_diff_int_sep_div_KBC_max_rules_80_no_unorderable,no_div_no_pow_random_terms_huge,22.4,0.0002907387
math_no_diff_int_sep_div_KBC_max_rules_80_no_unorderable,random_terms_huge,17.848,0.0002757198
math_no_diff_int_sep_div_KBC_max_rules_80_no_unorderable,no_div_no_pow_random_terms_large,9.56,0.0000781620
math_no_diff_int_sep_div_KBC_max_rules_80_no_unorderable,no_div_no_pow_random_terms_small,2.96,0.0000094605
math_no_diff_int_sep_div_KBC_max_rules_80_no_unorderable,random_terms_large,7.508,0.0000748817
math_no_diff_int_sep_div_KBC_max_rules_80_no_unorderable,random_terms_small,2.334,0.0000085257
math_no_diff_int_sep_div_KBC_max_rules_100_no_unorderable,no_div_no_pow_random_terms_huge,22.392,0.0002946579
math_no_diff_int_sep_div_KBC_max_rules_100_no_unorderable,random_terms_huge,17.888,0.0002791944
math_no_diff_int_sep_div_KBC_max_rules_100_no_unorderable,no_div_no_pow_random_terms_large,9.568,0.0000821695
math_no_diff_int_sep_div_KBC_max_rules_100_no_unorderable,no_div_no_pow_random_terms_small,2.98,0.0000095778
math_no_diff_int_sep_div_KBC_max_rules_100_no_unorderable,random_terms_large,7.528,0.0000772173
math_no_diff_int_sep_div_KBC_max_rules_100_no_unorderable,random_terms_small,2.354,0.0000091397
math_no_diff_int_sep_div_KBC_max_rules_150_no_unorderable,no_div_no_pow_random_terms_huge,23.92,0.0003581231
math_no_diff_int_sep_div_KBC_max_rules_150_no_unorderable,random_terms_huge,18.352,0.0003238145
math_no_diff_int_sep_div_KBC_max_rules_150_no_unorderable,no_div_no_pow_random_terms_large,10.252,0.0000962103
math_no_diff_int_sep_div_KBC_max_rules_150_no_unorderable,no_div_no_pow_random_terms_small,3.178,0.0000111498
math_no_diff_int_sep_div_KBC_max_rules_150_no_unorderable,random_terms_large,7.716,0.0000914418
math_no_diff_int_sep_div_KBC_max_rules_150_no_unorderable,random_terms_small,2.42,0.0000095852
math_no_diff_int_sep_div_KBC_max_rules_200_no_unorderable,no_div_no_pow_random_terms_huge,23.952,0.0003936532
math_no_diff_int_sep_div_KBC_max_rules_200_no_unorderable,random_terms_huge,21,0.0003356962
math_no_diff_int_sep_div_KBC_max_rules_200_no_unorderable,no_div_no_pow_random_terms_large,10.332,0.0001057907
math_no_diff_int_sep_div_KBC_max_rules_200_no_unorderable,no_div_no_pow_random_terms_small,3.18,0.0000116974
math_no_diff_int_sep_div_KBC_max_rules_200_no_unorderable,random_terms_large,8.812,0.0000904023
math_no_diff_int_sep_div_KBC_max_rules_200_no_unorderable,random_terms_small,2.628,0.0000096232
math_no_diff_int_KBC_max_rules_40_no_unorderable,no_div_no_pow_random_terms_huge,22.088,0.0002143459
math_no_diff_int_KBC_max_rules_40_no_unorderable,random_terms_huge,16.936,0.0001968334
math_no_diff_int_KBC_max_rules_40_no_unorderable,no_div_no_pow_random_terms_large,9.352,0.0000645798
math_no_diff_int_KBC_max_rules_40_no_unorderable,no_div_no_pow_random_terms_small,2.922,0.0000075900
math_no_diff_int_KBC_max_rules_40_no_unorderable,random_terms_large,7.06,0.0000550097
math_no_diff_int_KBC_max_rules_40_no_unorderable,random_terms_small,2.176,0.0000065686
math_no_diff_int_KBC_max_rules_60_no_unorderable,no_div_no_pow_random_terms_huge,22.448,0.0002558716
math_no_diff_int_KBC_max_rules_60_no_unorderable,random_terms_huge,17.008,0.0002195129
math_no_diff_int_KBC_max_rules_60_no_unorderable,no_div_no_pow_random_terms_large,9.668,0.0000719096
math_no_diff_int_KBC_max_rules_60_no_unorderable,no_div_no_pow_random_terms_small,2.984,0.0000083923
math_no_diff_int_KBC_max_rules_60_no_unorderable,random_terms_large,7.128,0.0000609608
math_no_diff_int_KBC_max_rules_60_no_unorderable,random_terms_small,2.22,0.0000070426
math_no_diff_int_KBC_max_rules_80_no_unorderable,no_div_no_pow_random_terms_huge,22.352,0.0002858960
math_no_diff_int_KBC_max_rules_80_no_unorderable,random_terms_huge,17.024,0.0002366661
math_no_diff_int_KBC_max_rules_80_no_unorderable,no_div_no_pow_random_terms_large,9.544,0.0000795684
math_no_diff_int_KBC_max_rules_80_no_unorderable,no_div_no_pow_random_terms_small,2.978,0.0000089733
math_no_diff_int_KBC_max_rules_80_no_unorderable,random_terms_large,7.116,0.0000652010
math_no_diff_int_KBC_max_rules_80_no_unorderable,random_terms_small,2.226,0.0000076438
math_no_diff_int_KBC_max_rules_100_no_unorderable,no_div_no_pow_random_terms_huge,23.024,0.0003181917
math_no_diff_int_KBC_max_rules_100_no_unorderable,random_terms_huge,17.152,0.0002636864
math_no_diff_int_KBC_max_rules_100_no_unorderable,no_div_no_pow_random_terms_large,9.864,0.0000880023
math_no_diff_int_KBC_max_rules_100_no_unorderable,no_div_no_pow_random_terms_small,3.076,0.0000102734
math_no_diff_int_KBC_max_rules_100_no_unorderable,random_terms_large,7.176,0.0000730799
math_no_diff_int_KBC_max_rules_100_no_unorderable,random_terms_small,2.27,0.0000082036
math_no_diff_int_KBC_max_rules_150_no_unorderable,no_div_no_pow_random_terms_huge,23.432,0.0003746738
math_no_diff_int_KBC_max_rules_150_no_unorderable,random_terms_huge,17.328,0.0002947029
math_no_diff_int_KBC_max_rules_150_no_unorderable,no_div_no_pow_random_terms_large,9.944,0.0001027225
math_no_diff_int_KBC_max_rules_150_no_unorderable,no_div_no_pow_random_terms_small,3.072,0.0000103949
math_no_diff_int_KBC_max_rules_150_no_unorderable,random_terms_large,7.172,0.0000831351
math_no_diff_int_KBC_max_rules_150_no_unorderable,random_terms_small,2.246,0.0000084612
math_no_diff_int_KBC_max_rules_200_no_unorderable,no_div_no_pow_random_terms_huge,23.648,0.0003980836
math_no_diff_int_KBC_max_rules_200_no_unorderable,random_terms_huge,17.344,0.0003101040
math_no_diff_int_KBC_max_rules_200_no_unorderable,no_div_no_pow_random_terms_large,10.04,0.0001088075
math_no_diff_int_KBC_max_rules_200_no_unorderable,no_div_no_pow_random_terms_small,3.076,0.0000111448
math_no_diff_int_KBC_max_rules_200_no_unorderable,random_terms_large,7.188,0.0000890708
math_no_diff_int_KBC_max_rules_200_no_unorderable,random_terms_small,2.246,0.0000091657
